id,sender,receiver,amount,timestamp,location,transactionType
TXN-1001,P-1003,P-1001,250000,2026-08-20T16:00:00.000Z,LOC-02,transfer
TXN-1002,P-1001,P-1005,85000,2026-08-20T17:30:00.000Z,LOC-03,cash
TXN-1003,P-1005,P-1001,42000,2026-08-21T09:00:00.000Z,LOC-03,upi
TXN-1004,P-1002,P-1004,150000,2026-08-21T11:00:00.000Z,LOC-05,transfer
TXN-1005,P-1004,P-1002,35000,2026-08-21T14:30:00.000Z,LOC-05,cash
TXN-1006,P-1003,P-1007,480000,2026-08-21T16:00:00.000Z,LOC-02,transfer
TXN-1007,P-1007,P-1003,120000,2026-08-22T10:00:00.000Z,LOC-02,transfer
TXN-1008,P-1006,P-1010,75000,2026-08-22T13:00:00.000Z,LOC-04,cash
TXN-1009,P-1010,P-1006,28000,2026-08-22T15:00:00.000Z,LOC-04,upi
TXN-1010,P-1008,P-1009,95000,2026-08-22T17:00:00.000Z,LOC-01,transfer
TXN-1011,P-1009,P-1008,18000,2026-08-23T09:30:00.000Z,LOC-01,cash
TXN-1012,P-1001,P-1010,620000,2026-08-23T11:00:00.000Z,LOC-06,transfer
TXN-1013,P-1010,P-1001,45000,2026-08-23T14:00:00.000Z,LOC-06,cash
TXN-1014,P-1005,P-1003,380000,2026-08-23T16:00:00.000Z,LOC-07,transfer
TXN-1015,P-1003,P-1005,92000,2026-08-24T10:00:00.000Z,LOC-07,transfer
