id,name,age,gender,occupation,address
P-1001,Rajesh Kumar,42,male,Contractor,Mumbai Dock Area, Unit 12
P-1002,Priya Sharma,34,female,Accountant,Andheri West, Block C-204
P-1003,Vikram Singh,55,male,Businessman,Bandra Reclamation, Tower 7
P-1004,Neha Gupta,29,female,Unknown,Juhu Lane, Near Versova Station
P-1005,Arjun Mehta,38,male,Trader,Dharavi Industrial Estate
P-1006,Faisal Khan,45,male,Driver,Chembur East, Nagar 3
P-1007,Ananya Desai,31,female,Consultant,BKC Corporate Zone
P-1008,Suresh Pillai,60,male,Retired,Malad West, Society 15
P-1009,Kavya Reddy,27,female,Shopkeeper,Colaba Causeway, Shop 8B
P-1010,Imran Sheikh,36,male,Dealer,Grant Road, Back Lane
